S.NO.,YEAR,STATE NAME,DISTRICT NAME,TOTAL POULATION,GROWTH RATE,SEX RATIO,OVERALL LITERACY,FEMALE LITERACY,MALE LITERACY
0,2015-16,JAMMU AND KASHMIR,KUPWARA,875564,34.62,843,66.92,54.79,77.1
1,2015-16,JAMMU AND KASHMIR,BARAMULA,1015503,20.34,873,66.93,55.01,77.35
2,2015-16,JAMMU AND KASHMIR,SRINAGAR,1269751,23.56,879,71.21,63.47,77.95
3,2015-16,JAMMU AND KASHMIR,BADGAM,735753,21.18,883,57.98,46.6,68.56
4,2015-16,JAMMU AND KASHMIR,PULWAMA,570060,29.18,913,65,53.81,75.41
5,2015-16,JAMMU AND KASHMIR,ANANTNAG,1070144,37.48,937,64.32,54.15,74.13
6,2015-16,JAMMU AND KASHMIR,LEH (LADAKH),147104,25.48,583,80.48,64.52,89.39
7,2015-16,JAMMU AND KASHMIR,KARGIL,143388,20.18,775,74.49,58.05,86.73
8,2015-16,JAMMU AND KASHMIR,DODA,409576,27.89,922,65.97,50.34,80.36
9,2015-16,JAMMU AND KASHMIR,UDHAMPUR,555357,20.86,863,69.9,58.22,79.93
10,2015-16,JAMMU AND KASHMIR,PUNCH,476820,27.97,890,68.69,54.8,81.04
11,2015-16,JAMMU AND KASHMIR,RAJAURI,619266,28.14,863,68.54,57.2,78.38
12,2015-16,JAMMU AND KASHMIR,JAMMU,1526406,12.48,871,83.98,77.41,89.77
13,2015-16,JAMMU AND KASHMIR,KATHUA,615711,20.38,877,73.5,64.56,81.4
14,2015-16,JAMMU AND KASHMIR,SHOPIAN,265960,25.85,951,62.49,52.77,71.86
15,2015-16,JAMMU AND KASHMIR,BANDIPORA,385099,26.31,911,57.82,46.24,68.41
16,2015-16,JAMMU AND KASHMIR,KISHTWAR,231037,21.06,917,58.54,44.13,71.75
17,2015-16,JAMMU AND KASHMIR,RAMBAN,283313,31.81,901,56.9,40.04,71.97
18,2015-16,JAMMU AND KASHMIR,GANDERBAL,297003,36.3,869,59.99,47.62,70.74
19,2015-16,JAMMU AND KASHMIR,KULGAM,422786,7.3,951,60.35,49.74,70.58
20,2015-16,JAMMU AND KASHMIR,REASI,314714,27.06,891,59.42,47.55,69.93
21,2015-16,JAMMU AND KASHMIR,SAMBA,318611,16.9,886,82.48,74.39,89.76
22,2015-16,HIMACHAL PRADESH,CHAMBA,518844,12.58,989,73.19,62.14,84.19
23,2015-16,HIMACHAL PRADESH,KANGRA,1507223,12.56,1013,86.49,80.62,92.55
24,2015-16,HIMACHAL PRADESH,LAHUL AND SPITI,31528,-5.1,916,77.24,66.5,86.97
25,2015-16,HIMACHAL PRADESH,KULLU,437474,14.65,950,80.14,71.01,88.8
26,2015-16,HIMACHAL PRADESH,MANDI,999518,10.89,1012,82.81,74.33,91.51
27,2015-16,HIMACHAL PRADESH,HAMIRPUR (H,454293,10.08,1096,89.01,83.44,95.28
28,2015-16,HIMACHAL PRADESH,UNA,521057,16.24,977,87.23,81.67,92.75
29,2015-16,HIMACHAL PRADESH,BILASPUR (H,382056,12.08,981,85.67,78.9,92.39
30,2015-16,HIMACHAL PRADESH,SOLAN,576670,15.21,884,85.02,78.02,91.19
31,2015-16,HIMACHAL PRADESH,SIRMAUR,530164,15.61,915,79.98,72.55,86.76
32,2015-16,HIMACHAL PRADESH,SHIMLA,813384,12.58,916,84.55,77.8,90.73
33,2015-16,HIMACHAL PRADESH,KINNAUR,84298,7.61,818,80.77,71.34,88.37
34,2015-16,PUNJAB,GURDASPUR,2299026,9.3,895,81.06,75.73,85.9
35,2015-16,PUNJAB,AMRITSAR,2490891,15.48,884,77.2,72.75,81.2
36,2015-16,PUNJAB,KAPURTHALA,817668,8.37,912,80.18,75.36,84.6
37,2015-16,PUNJAB,JALANDHAR,2181753,11.16,913,82.4,78.31,86.1
38,2015-16,PUNJAB,HOSHIARPUR,1582793,6.85,962,85.43,80.78,89.9
39,2015-16,PUNJAB,NAWANSHAHR,614362,4.58,954,80.33,74.28,86.2
40,2015-16,PUNJAB,RUPNAGAR,683349,8.67,913,83.28,77.17,88.9
41,2015-16,PUNJAB,FATEHGARH SAHIB,599814,11.39,871,80.33,75.53,84.5
42,2015-16,PUNJAB,LUDHIANA,3487882,15,869,82.54,78.16,86.3
43,2015-16,PUNJAB,MOGA,992289,10.9,893,71.59,67.41,75.3
44,2015-16,PUNJAB,FIROZPUR,2026831,16.08,893,69.85,62.24,76.7
45,2015-16,PUNJAB,MUKTSAR,902702,16.1,895,66.79,60.03,72.9
46,2015-16,PUNJAB,FARIDKOT,618008,12.18,889,70.65,64.82,75.9
47,2015-16,PUNJAB,BATHINDA,1388859,17.37,865,69.57,62.92,75.3
48,2015-16,PUNJAB,MANSA,768808,11.62,880,62.78,56.41,68.4
49,2015-16,PUNJAB,SANGRUR,1654408,12.3,883,68.88,62.86,74.2
50,2015-16,PUNJAB,PATIALA,1892282,19.4,888,76.26,70.47,81.4
51,2015-16,PUNJAB,MOHALI,986147,32.02,878,84.87,80.01,89.2
52,2015-16,PUNJAB,TARAN TARAN,1120070,19.28,898,69.43,62.88,75.4
53,2015-16,PUNJAB,BARNALA,596294,13.16,876,68.9,64.14,73.1
54,2015-16,PUNJAB,Fazilka,0,0,0,0,0,0
55,2015-16,PUNJAB,PATHANKOT,0,0,0,0,0,0
56,2015-16,CHANDIGARH,CHANDIGARH,1054686,17.1,818,86.43,81.38,90.54
57,2015-16,UTTARAKHAND,UTTARKASHI,329686,11.75,959,75.98,62.23,89.26
58,2015-16,UTTARAKHAND,CHAMOLI,391114,5.6,1021,83.48,73.2,94.18
59,2015-16,UTTARAKHAND,RUDRAPRAYAG,236857,4.14,1120,82.09,70.94,94.97
60,2015-16,UTTARAKHAND,TEHRI GARHWAL,616409,1.93,1078,75.1,61.77,89.91
61,2015-16,UTTARAKHAND,DEHRADUN,1698560,32.48,902,85.24,79.61,90.32
62,2015-16,UTTARAKHAND,GARHWAL,686527,-1.51,1103,82.59,73.26,93.18
63,2015-16,UTTARAKHAND,PITHORAGARH,485993,5.13,1021,82.93,72.97,93.45
64,2015-16,UTTARAKHAND,BAGESHWAR,259840,5.13,1093,80.69,69.59,93.2
65,2015-16,UTTARAKHAND,ALMORA,621927,-1.73,1142,81.06,70.44,93.57
66,2015-16,UTTARAKHAND,CHAMPAWAT,259315,15.49,981,80.73,68.81,92.65
67,2015-16,UTTARAKHAND,NAINITAL,955128,25.2,933,84.85,78.21,91.09
68,2015-16,UTTARAKHAND,UDHAM SINGH NAGAR,1648367,33.4,919,74.44,65.73,82.48
69,2015-16,UTTARAKHAND,HARDWAR,1927029,33.16,879,74.62,65.96,82.26
70,2015-16,HARYANA,PANCHKULA,558890,19.32,870,83.44,77.48,88.65
71,2015-16,HARYANA,AMBALA,1136784,12.06,882,82.89,76.64,88.47
72,2015-16,HARYANA,YAMUNANAGAR,1214162,16.56,877,78.93,71.99,85.06
73,2015-16,HARYANA,KURUKSHETRA,964231,16.81,889,76.7,69.18,83.46
74,2015-16,HARYANA,KAITHAL,1072861,13.39,880,70.56,60.69,79.33
75,2015-16,HARYANA,KARNAL,1506323,18.22,886,76.44,68.29,83.73
76,2015-16,HARYANA,PANIPAT,1202811,24.33,861,77.46,68.23,85.45
77,2015-16,HARYANA,SONIPAT,1480080,15.71,853,80.83,70.88,89.4
78,2015-16,HARYANA,JIND,1332042,11.95,870,72.73,61.58,82.49
79,2015-16,HARYANA,FATEHABAD,941522,16.79,903,69.13,59.29,78.1
80,2015-16,HARYANA,SIRSA,1295114,15.98,896,70.35,61.16,78.64
81,2015-16,HARYANA,HISAR,1742815,13.38,871,73.24,62.31,82.79
82,2015-16,HARYANA,BHIWANI,1629109,14.32,884,76.74,64.8,87.39
83,2015-16,HARYANA,ROHTAK,1058683,12.61,868,80.37,71.19,88.42
84,2015-16,HARYANA,JHAJJAR,956907,8.73,861,80.83,70.96,89.44
85,2015-16,HARYANA,MAHENDRAGARH,921680,13.43,894,78.87,65.25,91.28
86,2015-16,HARYANA,REWARI,896129,17.09,898,82.23,70.54,92.92
87,2015-16,HARYANA,GURGAON,1514085,73.93,853,84.44,77.64,90.27
88,2015-16,HARYANA,FARIDABAD,1798954,31.75,871,83.04,75.17,89.94
89,2015-16,HARYANA,MEWAT,1089406,37.94,906,56.14,37.58,72.98
90,2015-16,HARYANA,PALWAL,1040493,25.49,879,70.32,56.4,82.6
91,2015-16,DELHI,NORTH WEST DELHI,3651261,27.63,862,84.66,78.76,89.74
92,2015-16,DELHI,NORTH DELHI,883418,13.04,871,86.81,81.92,91.06
93,2015-16,DELHI,NORTH EAST DELHI,2240749,26.73,886,82.8,76.51,88.39
94,2015-16,DELHI,EAST DELHI,1707725,16.68,883,88.75,84.55,92.47
95,2015-16,DELHI,NEW DELHI,133713,-25.35,811,89.38,84.83,93.04
96,2015-16,DELHI,CENTRAL DELHI,578671,-10.48,892,85.25,82.6,87.6
97,2015-16,DELHI,WEST DELHI,2531583,18.91,876,87.12,82.5,91.17
98,2015-16,DELHI,SOUTH WEST DELHI,2292363,30.62,836,88.81,83.07,93.62
99,2015-16,DELHI,SOUTH DELHI,2733752,20.59,859,87.03,80.99,92.2
100,2015-16,RAJASTHAN,GANGANAGAR,1969520,10.06,887,70.25,60.07,79.33
101,2015-16,RAJASTHAN,HANUMANGARH,1779650,17.24,906,68.37,56.91,78.82
102,2015-16,RAJASTHAN,BIKANER,2367745,41.42,903,65.92,53.77,76.9
103,2015-16,RAJASTHAN,CHURU,2041172,6.1,938,67.46,54.25,79.95
104,2015-16,RAJASTHAN,JHUNJHUNUN,2139658,11.81,950,74.72,61.15,87.88
105,2015-16,RAJASTHAN,ALWAR,3671999,22.7,894,71.68,56.78,85.08
106,2015-16,RAJASTHAN,BHARATPUR,2549121,21.32,877,71.16,54.63,85.7
107,2015-16,RAJASTHAN,DHAULPUR,1207293,22.78,845,70.14,55.45,82.53
108,2015-16,RAJASTHAN,KARAULI,1458459,20.57,858,67.34,49.18,82.96
109,2015-16,RAJASTHAN,SAWAI MADHOPUR,1338114,19.79,894,66.19,47.8,82.72
110,2015-16,RAJASTHAN,Dausa,1637226,24.31,904,69.17,52.33,84.54
111,2015-16,RAJASTHAN,JAIPUR,6663971,26.91,909,76.44,64.63,87.27
112,2015-16,RAJASTHAN,SIKAR,2677737,17.04,944,72.98,58.76,86.66
113,2015-16,RAJASTHAN,NAGAUR,3309234,19.25,948,64.08,48.63,78.9
114,2015-16,RAJASTHAN,JODHPUR,3685681,27.69,915,67.09,52.57,80.46
115,2015-16,RAJASTHAN,JAISALMER,672008,32.22,849,58.04,40.23,73.09
116,2015-16,RAJASTHAN,BARMER,2604453,32.55,900,57.49,41.03,72.32
117,2015-16,RAJASTHAN,JALOR,1830151,26.31,951,55.58,38.73,71.83
118,2015-16,RAJASTHAN,SIROHI,1037185,21.86,938,56.02,40.12,71.09
119,2015-16,RAJASTHAN,PALI,2038533,11.99,987,63.23,48.35,78.16
120,2015-16,RAJASTHAN,AJMER,2584913,18.48,950,70.46,56.42,83.93
121,2015-16,RAJASTHAN,TONK,1421711,17.33,949,62.46,46.01,78.27
122,2015-16,RAJASTHAN,BUNDI,1113725,15.7,922,62.31,47,76.52
123,2015-16,RAJASTHAN,BHILWARA,2410459,19.7,969,62.71,47.93,77.16
124,2015-16,RAJASTHAN,RAJSAMAND,1158283,17.35,988,63.93,48.44,79.52
125,2015-16,RAJASTHAN,UDAIPUR,3067549,23.66,958,62.74,49.1,75.91
126,2015-16,RAJASTHAN,DUNGARPUR,1388906,25.39,990,60.78,46.98,74.66
127,2015-16,RAJASTHAN,BANSWARA,1798194,26.58,979,57.2,43.47,70.8
128,2015-16,RAJASTHAN,CHITTAURGARH,1544392,16.09,970,62.51,46.98,77.74
129,2015-16,RAJASTHAN,KOTA,1950491,24.35,906,77.48,66.32,87.63
130,2015-16,RAJASTHAN,BARAN,1223921,19.8,926,67.38,52.48,81.23
131,2015-16,RAJASTHAN,JHALAWAR,1411327,19.57,945,62.13,47.06,76.47
132,2015-16,RAJASTHAN,PRATAPGARH (RAJ,868231,22.84,982,56.3,42.4,70.13
133,2015-16,UTTAR PRADESH,SAHARANPUR,3464228,19.59,887,72.03,63.3,79.77
134,2015-16,UTTAR PRADESH,MUZAFFARNAGAR,4138605,16.8,886,70.11,60,79.11
135,2015-16,UTTAR PRADESH,BIJNOR,3683896,17.64,913,70.43,61.45,78.7
136,2015-16,UTTAR PRADESH,MORADABAD,4773138,25.25,903,58.67,49.63,66.83
137,2015-16,UTTAR PRADESH,RAMPUR,2335398,21.4,905,55.08,46.19,63.1
138,2015-16,UTTAR PRADESH,JYOTIBA PHULE NAGAR,1838771,22.66,907,65.7,53.77,76.53
139,2015-16,UTTAR PRADESH,MEERUT,3447405,15.01,885,74.8,65.69,82.91
140,2015-16,UTTAR PRADESH,BAGHPAT,1302156,11.87,858,73.54,61.22,84.17
141,2015-16,UTTAR PRADESH,GHAZIABAD,4661452,41.66,878,85,81.42,88.16
142,2015-16,UTTAR PRADESH,GAUTAM BUDDHA NAGAR,1674714,39.32,852,82.2,72.78,90.23
143,2015-16,UTTAR PRADESH,BULANDSHAHR,3498507,20.09,892,70.23,56.6,82.52
144,2015-16,UTTAR PRADESH,ALIGARH,3673849,22.78,876,69.61,57.48,80.24
145,2015-16,UTTAR PRADESH,HATHRAS,1565678,17.19,870,73.1,60.79,83.83
146,2015-16,UTTAR PRADESH,MATHURA,2541894,22.53,858,72.65,58.93,84.39
147,2015-16,UTTAR PRADESH,AGRA,4380793,21,859,69.44,59.16,78.32
148,2015-16,UTTAR PRADESH,FIROZABAD,2496761,21.62,867,74.6,64.8,83.08
149,2015-16,UTTAR PRADESH,ETAH,1761152,12.77,863,73.27,61.72,83.21
150,2015-16,UTTAR PRADESH,MAINPURI,1847194,15.69,876,78.26,68.35,86.93
151,2015-16,UTTAR PRADESH,BUDAUN,3712738,20.96,859,52.91,41.76,62.39
152,2015-16,UTTAR PRADESH,BAREILLY,4465344,23.4,883,60.52,50.35,69.47
153,2015-16,UTTAR PRADESH,PILIBHIT,2037225,23.83,889,63.58,52.43,73.46
154,2015-16,UTTAR PRADESH,SHAHJAHANPUR,3002376,17.84,865,61.61,51.73,70.09
155,2015-16,UTTAR PRADESH,KHERI,4013634,25.14,887,62.71,52.62,71.58
156,2015-16,UTTAR PRADESH,SITAPUR,4474446,23.62,879,63.38,52.8,72.61
157,2015-16,UTTAR PRADESH,HARDOI,4091380,20.39,856,68.89,59.17,77.2
158,2015-16,UTTAR PRADESH,UNNAO,3110595,15.19,901,68.29,58.54,77.06
159,2015-16,UTTAR PRADESH,LUCKNOW,4588455,25.79,906,79.33,73.88,84.27
160,2015-16,UTTAR PRADESH,RAE BARELI,3404004,18.51,941,69.04,58.06,79.39
161,2015-16,UTTAR PRADESH,FARRUKHABAD,1887577,20.2,874,70.57,60.51,79.34
162,2015-16,UTTAR PRADESH,KANNAUJ,1658005,19.37,879,74.01,64.46,82.36
163,2015-16,UTTAR PRADESH,ETAWAH,1579160,17.95,867,79.99,71.16,87.64
164,2015-16,UTTAR PRADESH,AURAIYA,1372287,16.3,864,80.25,71.97,87.37
165,2015-16,UTTAR PRADESH,KANPUR DEHAT,1795092,14.82,862,77.52,68.48,85.27
166,2015-16,UTTAR PRADESH,KANPUR NAGAR,4572951,9.72,852,81.31,76.89,85.07
167,2015-16,UTTAR PRADESH,JALAUN,1670718,14.87,865,75.16,63.88,84.89
168,2015-16,UTTAR PRADESH,JHANSI,2000755,14.66,885,76.37,64.88,86.58
169,2015-16,UTTAR PRADESH,LALITPUR,1218002,24.57,905,64.95,52.26,76.41
170,2015-16,UTTAR PRADESH,HAMIRPUR (U,1104021,5.78,860,70.16,57.19,81.27
171,2015-16,UTTAR PRADESH,MAHOBA,876055,23.66,880,66.94,54.65,77.72
172,2015-16,UTTAR PRADESH,BANDA,1799541,17.06,863,68.11,54.95,79.38
173,2015-16,UTTAR PRADESH,CHITRAKOOT,990626,29.29,879,66.52,54.03,77.42
174,2015-16,UTTAR PRADESH,FATEHPUR,2632684,14.05,900,68.78,57.76,78.69
175,2015-16,UTTAR PRADESH,PRATAPGARH,3173752,16.2,994,73.1,60.99,85.29
176,2015-16,UTTAR PRADESH,KAUSHAMBI,1596909,23.49,905,63.69,50.76,75.35
177,2015-16,UTTAR PRADESH,ALLAHABAD,5959798,20.74,902,74.41,62.67,85
178,2015-16,UTTAR PRADESH,BARABANKI,3257983,21.86,908,63.76,54.1,72.49
179,2015-16,UTTAR PRADESH,FAIZABAD,2468371,18.16,961,70.63,60.72,80.21
180,2015-16,UTTAR PRADESH,AMBEDKAR NAGAR,2398709,18.35,976,74.37,64.62,83.95
181,2015-16,UTTAR PRADESH,Sultanpur,3790922,17.92,978,71.14,60.17,81.99
182,2015-16,UTTAR PRADESH,BAHRAICH,3478257,46.08,891,51.1,40.76,60.23
183,2015-16,UTTAR PRADESH,SHRAWASTI,1114615,-5.25,875,49.13,37.07,59.55
184,2015-16,UTTAR PRADESH,BALRAMPUR (U,2149066,27.74,922,51.76,40.92,61.66
185,2015-16,UTTAR PRADESH,GONDA,3431386,24.07,922,61.16,49.13,72.23
186,2015-16,UTTAR PRADESH,SIDDHARTHNAGAR,2553526,25.17,970,61.81,49.61,73.79
187,2015-16,UTTAR PRADESH,BASTI,2461056,18.05,959,69.69,58.35,80.65
188,2015-16,UTTAR PRADESH,SANT KABIR NAGAR,1714300,20.71,969,69.01,56.99,80.72
189,2015-16,UTTAR PRADESH,MAHARAJGANJ,2665292,22.61,938,64.3,50.14,77.62
190,2015-16,UTTAR PRADESH,GORAKHPUR,4436275,17.69,944,73.25,61.54,84.38
191,2015-16,UTTAR PRADESH,KUSHINAGAR,3560830,23.08,955,67.66,54.74,80.1
192,2015-16,UTTAR PRADESH,DEORIA,3098637,14.23,1013,73.53,61.34,86.07
193,2015-16,UTTAR PRADESH,AZAMGARH,4616509,17.17,1017,72.69,62.65,83.08
194,2015-16,UTTAR PRADESH,MAU,2205170,18.94,978,75.16,65.59,84.61
195,2015-16,UTTAR PRADESH,BALLIA,3223642,16.73,933,73.82,61.72,85.19
196,2015-16,UTTAR PRADESH,JAUNPUR,4476072,14.43,1018,73.66,61.7,86.06
197,2015-16,UTTAR PRADESH,GHAZIPUR,3622727,19.26,951,74.27,62.29,85.77
198,2015-16,UTTAR PRADESH,CHANDAULI,1952713,18.83,913,73.86,63.07,83.58
199,2015-16,UTTAR PRADESH,VARANASI,3682194,17.32,909,77.05,68.2,85.12
200,2015-16,UTTAR PRADESH,SAMBHAL (BHIM NAGAR),0,0,0,0,0,0
201,2015-16,UTTAR PRADESH,MIRZAPUR,2494533,17.89,900,70.38,58.77,80.83
202,2015-16,UTTAR PRADESH,SONBHADRA,1862612,27.27,913,66.18,54.11,77.19
203,2015-16,UTTAR PRADESH,BHADOI,1554203,14.81,950,71.1,57.79,83.87
204,2015-16,UTTAR PRADESH,KANSHIRAM NAGAR,1438156,17.05,879,62.3,50.2,72.91
205,2015-16,UTTAR PRADESH,AMETHI - CSM NAGAR,0,0,0,0,0,0
206,2015-16,UTTAR PRADESH,SHAMLI (PRABUDH NAGAR),0,0,0,0,0,0
207,2015-16,UTTAR PRADESH,HAPUR (PANCHSHEEL NAGAR),0,0,0,0,0,0
208,2015-16,BIHAR,PASHCHIM CHAMPARAN,3922780,28.89,906,58.06,46.79,68.16
209,2015-16,BIHAR,PURBA CHAMPARAN,5082868,29.01,901,58.26,47.36,68.02
210,2015-16,BIHAR,SHEOHAR,656916,27.32,890,56,47.25,63.72
211,2015-16,BIHAR,SITAMARHI,3419622,27.47,899,53.53,43.4,62.56
212,2015-16,BIHAR,MADHUBANI,4476044,25.19,925,60.9,48.3,72.53
213,2015-16,BIHAR,SUPAUL,2228397,28.62,925,59.65,46.63,71.65
214,2015-16,BIHAR,ARARIA,2806200,30,921,55.1,45.18,64.15
215,2015-16,BIHAR,KISHANGANJ,1690948,30.44,946,57.04,47.98,65.56
216,2015-16,BIHAR,PURNIA,3273127,28.66,930,52.49,43.19,61.09
217,2015-16,BIHAR,KATIHAR,3068149,28.23,916,53.56,45.37,60.99
218,2015-16,BIHAR,MADHEPURA,1994618,30.65,914,53.78,42.75,63.82
219,2015-16,BIHAR,SAHARSA,1897102,25.79,906,54.57,42.73,65.22
220,2015-16,BIHAR,DARBHANGA,3921971,19,910,58.26,46.88,68.58
221,2015-16,BIHAR,MUZAFFARPUR,4778610,27.54,898,65.68,56.82,73.61
222,2015-16,BIHAR,GOPALGANJ,2558037,18.83,1015,67.04,56.03,78.38
223,2015-16,BIHAR,SIWAN,3318176,22.25,984,71.59,60.35,82.77
224,2015-16,BIHAR,SARAN,3943098,21.37,949,68.57,56.89,79.71
225,2015-16,BIHAR,VAISHALI,3495249,28.58,892,68.56,59.1,77
226,2015-16,BIHAR,SAMASTIPUR,4254782,25.33,909,63.81,53.52,73.09
227,2015-16,BIHAR,BEGUSARAI,2954367,25.75,894,66.23,57.1,74.36
228,2015-16,BIHAR,KHAGARIA,1657599,29.46,883,60.87,52.16,68.51
229,2015-16,BIHAR,BHAGALPUR,3032226,25.13,879,64.96,56.49,72.3
230,2015-16,BIHAR,BANKA,2029339,26.14,907,60.12,49.4,69.76
231,2015-16,BIHAR,MUNGER,1359054,19.45,879,73.3,65.53,80.06
232,2015-16,BIHAR,LAKHISARAI,1000717,24.74,900,64.95,54.89,73.98
233,2015-16,BIHAR,SHEIKHPURA,634927,20.82,926,65.96,54.93,76.14
234,2015-16,BIHAR,NALANDA,2872523,21.18,921,66.41,54.76,77.11
235,2015-16,BIHAR,PATNA,5772804,22.34,892,72.47,63.72,80.28
236,2015-16,BIHAR,BHOJPUR,2720155,21.27,900,72.79,60.2,84.08
237,2015-16,BIHAR,BUXAR,1707643,21.77,922,71.77,59.84,82.78
238,2015-16,BIHAR,KAIMUR (BHABUA),1626900,27.54,919,71.01,59.56,81.49
239,2015-16,BIHAR,ROHTAS,2962593,20.22,914,75.59,64.95,85.29
240,2015-16,BIHAR,JEHANABAD,1124176,21.34,918,68.27,56.24,79.3
241,2015-16,BIHAR,AURANGABAD (BIHAR),2511243,24.75,916,72.77,62.05,82.52
242,2015-16,BIHAR,GAYA,4379383,26.08,932,66.35,55.9,76.02
243,2015-16,BIHAR,NAWADA,2216653,22.49,936,61.63,51.09,71.4
244,2015-16,BIHAR,JAMUI,1756078,25.54,921,62.16,49.44,73.77
245,2015-16,BIHAR,ARWAL,699563,19.01,927,69.54,56.85,81.27
246,2015-16,SIKKIM,NORTH SIKKIM,43354,5.66,769,77.39,69.92,83.03
247,2015-16,SIKKIM,WEST SIKKIM,136299,10.58,941,78.69,72.12,84.86
248,2015-16,SIKKIM,SOUTH SIKKIM,146742,11.57,914,82.06,76.57,87.06
249,2015-16,SIKKIM,EAST SIKKIM,281293,14.79,872,84.67,79.41,89.22
250,2015-16,ARUNACHAL PRADESH,TAWANG,49950,28.33,701,60.61,48.75,68.54
251,2015-16,ARUNACHAL PRADESH,WEST KAMENG,87013,16.64,755,69.4,60.8,75.66
252,2015-16,ARUNACHAL PRADESH,EAST KAMENG,78413,37.14,1012,62.48,54.18,70.95
253,2015-16,ARUNACHAL PRADESH,PAPUM PARE,176385,44.57,950,82.14,76.65,87.33
254,2015-16,ARUNACHAL PRADESH,LOWER SUBANSIRI,82839,48.65,975,76.33,70.1,82.4
255,2015-16,ARUNACHAL PRADESH,UPPER SUBANSIRI,83205,50.34,982,63.96,60.51,67.36
256,2015-16,ARUNACHAL PRADESH,WEST SIANG,112272,8.04,916,67.62,60.76,73.89
257,2015-16,ARUNACHAL PRADESH,EAST SIANG,99019,13.3,962,73.54,67.9,78.94
258,2015-16,ARUNACHAL PRADESH,UPPER SIANG,35289,5.77,891,59.94,55.22,64.09
259,2015-16,ARUNACHAL PRADESH,DIBANG VALLEY,7948,9.3,808,64.8,59.1,69.39
260,2015-16,ARUNACHAL PRADESH,LOHIT,145538,16.44,901,69.88,61.62,77.25
261,2015-16,ARUNACHAL PRADESH,CHANGLANG,147951,17.96,914,61.9,52.08,70.8
262,2015-16,ARUNACHAL PRADESH,TIRAP,111997,11.63,931,52.23,41.83,61.87
263,2015-16,ARUNACHAL PRADESH,KURUNG KUMEY,89717,111.01,1029,50.67,44.31,57.28
264,2015-16,ARUNACHAL PRADESH,LOWER DIBANG VALLEY,53986,7.01,919,70.38,63.56,76.62
265,2015-16,ARUNACHAL PRADESH,Anjaw,21089,13.77,805,59.4,46.39,69.54
266,2015-16,ARUNACHAL PRADESH,LONGDING,0,0,0,0,0,0
267,2015-16,ARUNACHAL PRADESH,NAMSAI,0,0,0,0,0,0
268,2015-16,ARUNACHAL PRADESH,KRA DADI,0,0,0,0,0,0
269,2015-16,ARUNACHAL PRADESH,SIANG,0,0,0,0,0,0
270,2015-16,NAGALAND,MON,250671,-3.83,898,56.6,52.39,60.38
271,2015-16,NAGALAND,TUENSANG,196801,5.81,930,73.7,70.4,76.76
272,2015-16,NAGALAND,MOKOKCHUNG,193171,-16.77,927,92.68,91.74,93.55
273,2015-16,NAGALAND,ZUNHEBOTO,141014,-8.79,981,86.26,83.61,88.86
274,2015-16,NAGALAND,WOKHA,166239,3.11,969,87.6,84.58,90.53
275,2015-16,NAGALAND,DIMAPUR,379769,23.23,916,85.44,82.54,88.07
276,2015-16,NAGALAND,KOHIMA,270063,22.66,927,85.58,81.56,89.28
277,2015-16,NAGALAND,PHEK,163294,10.19,951,79.13,73.5,84.53
278,2015-16,NAGALAND,LONGLENG,74033,-30.54,961,71.1,65.44,75.6
279,2015-16,NAGALAND,KIPHIRE,50593,-58.39,903,73.1,70.35,76.54
280,2015-16,NAGALAND,PEREN,94954,4.61,917,79,73.57,83.96
281,2015-16,MANIPUR,SENAPATI,354972,25.16,939,75,68.8,80.85
282,2015-16,MANIPUR,TAMENGLONG,140143,25.69,953,70.4,63.76,76.74
283,2015-16,MANIPUR,CHURACHANDPUR,271274,19.03,969,84.29,80.13,88.34
284,2015-16,MANIPUR,BISHNUPUR,240363,15.36,1000,76.35,67.29,85.52
285,2015-16,MANIPUR,THOUBAL,420517,15.48,1006,76.66,67.57,85.9
286,2015-16,MANIPUR,IMPHAL WEST,514683,15.82,1029,86.7,80.71,92.93
287,2015-16,MANIPUR,IMPHAL EAST,452661,14.63,1011,82.81,75.92,89.86
288,2015-16,MANIPUR,UKHRUL,183115,30.07,948,81.87,77.47,86.05
289,2015-16,MANIPUR,CHANDEL,144028,21.72,932,70.85,63.26,77.93
290,2015-16,MIZORAM,MAMIT,85757,36.59,924,85.96,81.37,90.15
291,2015-16,MIZORAM,KOLASIB,83054,25.92,956,94.54,93.53,95.5
292,2015-16,MIZORAM,AIZAWL,404054,24.07,1009,98.5,98,99.01
293,2015-16,MIZORAM,CHAMPHAI,125370,15.66,981,93.51,92.2,94.8
294,2015-16,MIZORAM,SERCHHIP,64875,20.45,976,98.76,98.28,99.24
295,2015-16,MIZORAM,LUNGLEI,154094,12.29,944,89.4,85.85,92.74
296,2015-16,MIZORAM,LAWNGTLAI,117444,59.53,945,66.41,57.62,74.68
297,2015-16,MIZORAM,SAIHA,56366,-7.68,978,88.41,85.8,91
298,2015-16,TRIPURA,WEST TRIPURA,1724619,12.5,964,88.91,84.76,92.91
299,2015-16,TRIPURA,SOUTH TRIPURA,875144,14.03,957,85.41,79.64,90.94
300,2015-16,TRIPURA,DHALAI,377988,22.78,945,86.82,80.83,92.45
301,2015-16,TRIPURA,NORTH TRIPURA,693281,17.32,967,88.29,84.69,91.77
302,2015-16,TRIPURA,SEPAHIJALA,0,0,0,0,0,0
303,2015-16,TRIPURA,KHOWAI,0,0,0,0,0,0
304,2015-16,TRIPURA,GOMATI,0,0,0,0,0,0
305,2015-16,TRIPURA,UNAKOTI,0,0,0,0,0,0
306,2015-16,MEGHALAYA,WEST GARO HILLS,642923,24.02,979,68.38,63.34,73.31
307,2015-16,MEGHALAYA,EAST GARO HILLS,317618,26.75,968,75.51,71.32,79.56
308,2015-16,MEGHALAYA,SOUTH GARO HILLS,142574,41.19,944,72.39,67.72,76.77
309,2015-16,MEGHALAYA,WEST KHASI HILLS,385601,30.25,981,79.3,78.3,80.29
310,2015-16,MEGHALAYA,RI BHOI,258380,34.02,951,77.22,75.85,78.52
311,2015-16,MEGHALAYA,EAST KHASI HILLS,824059,24.68,1008,84.7,84.15,85.26
312,2015-16,MEGHALAYA,JAINTIA HILLS,392852,31.34,1008,63.26,66.71,59.75
313,2015-16,MEGHALAYA,NORTH GARO HILLS,0,0,0,0,0,0
314,2015-16,MEGHALAYA,EAST JAINTIA HILLS,0,0,0,0,0,0
315,2015-16,MEGHALAYA,SOUTH WEST KHASI HILLS,0,0,0,0,0,0
316,2015-16,MEGHALAYA,SOUTH WEST GARO HILLS,0,0,0,0,0,0
317,2015-16,ASSAM,KOKRAJHAR,886999,5.19,958,66.63,59.54,73.44
318,2015-16,ASSAM,DHUBRI,1948632,24.4,952,59.36,54.26,64.2
319,2015-16,ASSAM,GOALPARA,1008959,22.74,962,68.67,64.53,72.67
320,2015-16,ASSAM,BONGAIGAON,732639,19.58,961,70.44,65.18,75.48
321,2015-16,ASSAM,BARPETA,1693190,21.4,951,65.03,59.04,70.72
322,2015-16,ASSAM,KAMRUP-RURAL,1517202,15.67,946,72.81,67.69,77.64
323,2015-16,ASSAM,NALBARI,769919,11.74,945,79.89,73.85,85.58
324,2015-16,ASSAM,DARRANG,908090,19.51,923,64.55,60.4,68.36
325,2015-16,ASSAM,MORIGAON,957853,23.39,974,69.37,64.99,73.66
326,2015-16,ASSAM,NAGAON,2826006,22.09,962,73.78,69.21,78.19
327,2015-16,ASSAM,SONITPUR,1925975,15.67,946,69.96,62.53,76.98
328,2015-16,ASSAM,LAKHIMPUR,1040644,17.06,965,78.39,71.91,84.66
329,2015-16,ASSAM,DHEMAJI,688077,20.3,949,69.07,62.13,75.66
330,2015-16,ASSAM,TINSUKIA,1316948,14.51,948,70.92,63.54,77.89
331,2015-16,ASSAM,DIBRUGARH,1327748,12.04,952,76.22,69.52,82.59
332,2015-16,ASSAM,SIBSAGAR,1150253,9.37,951,81.36,75.69,86.75
333,2015-16,ASSAM,JORHAT,1091295,9.21,956,83.42,78.22,88.38
334,2015-16,ASSAM,GOLAGHAT,1058674,11.88,961,78.31,72.18,84.2
335,2015-16,ASSAM,KARBI ANGLONG,965280,18.69,956,73.52,64.62,82.12
336,2015-16,ASSAM,DIMA HASAO,213529,13.53,931,78.99,72.15,85.34
337,2015-16,ASSAM,CACHAR,1736319,20.17,958,80.36,74.62,85.85
338,2015-16,ASSAM,KARIMGANJ,1217002,20.74,961,79.72,73.49,85.7
339,2015-16,ASSAM,HAILAKANDI,659260,21.44,946,75.26,68.54,81.61
340,2015-16,ASSAM,BAKSA,953773,11.17,967,70.53,62.23,78.55
341,2015-16,ASSAM,CHIRANG,481818,11.26,969,64.71,57.87,71.35
342,2015-16,ASSAM,UDALGURI,832769,9.76,966,66.6,59.17,73.79
343,2015-16,ASSAM,KAMRUP-METRO,1260419,18.95,922,88.66,85.82,91.26
344,2015-16,WEST BENGAL,DARJILING,1842034,14.47,971,79.92,73.74,85.94
345,2015-16,WEST BENGAL,JALPAIGURI,3869675,13.77,954,73.79,66.65,80.61
346,2015-16,WEST BENGAL,KOCH BIHAR,2822780,13.86,942,75.49,69.08,81.52
347,2015-16,WEST BENGAL,UTTAR DINAJPUR,3000849,22.9,936,60.13,53.15,66.65
348,2015-16,WEST BENGAL,DAKSHIN DINAJPUR,1670931,11.16,954,73.86,67.81,79.63
349,2015-16,WEST BENGAL,MALDAH,3997970,21.5,939,62.71,57.84,67.27
350,2015-16,WEST BENGAL,MURSHIDABAD,7102430,21.07,957,67.53,63.88,71.02
351,2015-16,WEST BENGAL,BIRBHUM,3502387,16.15,956,70.9,64.07,77.42
352,2015-16,WEST BENGAL,BARDDHAMAN,7723663,12.01,943,77.15,70.47,83.44
353,2015-16,WEST BENGAL,NADIA,5168488,12.24,947,75.58,71.35,79.58
354,2015-16,WEST BENGAL,NORTH TWENTY FOUR PARGANAS,10082852,12.86,949,84.95,81.05,88.66
355,2015-16,WEST BENGAL,HUGLI,5520389,9.49,958,82.55,76.95,87.93
356,2015-16,WEST BENGAL,BANKURA,3596292,12.64,954,70.95,60.44,81
357,2015-16,WEST BENGAL,PURULIYA,2927965,15.43,955,65.38,51.29,78.85
358,2015-16,WEST BENGAL,HAORA,4841638,13.31,935,83.85,79.73,87.69
359,2015-16,WEST BENGAL,KOLKATA,4486679,-1.88,899,87.14,84.98,89.08
360,2015-16,WEST BENGAL,SOUTH  TWENTY FOUR PARGANAS,8153176,18.05,949,78.57,72.09,84.72
361,2015-16,WEST BENGAL,PURBA MEDINIPUR,5094238,15.32,936,87.66,81.81,93.14
362,2015-16,WEST BENGAL,PASCHIM MEDINIPUR,5943300,14.44,960,79.04,71.11,86.66
363,2015-16,WEST BENGAL,SILIGURI,509709,8,951,85.46,81.94,0
364,2015-16,WEST BENGAL,ALIPURDUAR,0,0,0,0,0,0
365,2015-16,JHARKHAND,GARHWA,1322387,27.71,933,62.18,49.43,74
366,2015-16,JHARKHAND,PALAMU,1936319,25.94,929,65.5,53.87,76.27
367,2015-16,JHARKHAND,CHATRA,1042304,28.98,951,62.14,51.91,71.85
368,2015-16,JHARKHAND,HAZARIBAG,1734005,25.75,946,70.48,59.25,81.15
369,2015-16,JHARKHAND,KODARMA,717169,32.59,949,68.35,54.77,81.25
370,2015-16,JHARKHAND,GIRIDIH,2445203,28.33,943,65.12,50.33,79.08
371,2015-16,JHARKHAND,DEOGHAR,1491879,28.02,921,66.34,52.39,79.13
372,2015-16,JHARKHAND,GODDA,1311382,25.14,933,57.68,44.9,69.56
373,2015-16,JHARKHAND,SAHIBGANJ,1150038,23.96,948,53.73,44.31,62.65
374,2015-16,JHARKHAND,PAKAUR,899200,28.15,985,50.17,41.23,59.02
375,2015-16,JHARKHAND,DUMKA,1321096,19.39,974,62.54,49.6,75.17
376,2015-16,JHARKHAND,DHANBAD,2682662,11.91,908,75.71,64.7,85.68
377,2015-16,JHARKHAND,BOKARO,2061918,15.99,916,73.48,61.46,84.5
378,2015-16,JHARKHAND,RANCHI,2912022,23.9,950,77.13,68.2,85.63
379,2015-16,JHARKHAND,LOHARDAGA,461738,26.67,985,68.29,57.86,78.62
380,2015-16,JHARKHAND,GUMLA,1025656,23.21,993,66.92,56.97,76.87
381,2015-16,JHARKHAND,PASHCHIMI SINGHBHUM,1501619,21.69,1004,59.54,47.01,72.18
382,2015-16,JHARKHAND,PURBI SINGHBHUM,2291032,15.53,949,76.13,67.33,84.51
383,2015-16,JHARKHAND,JAMTARA,790207,21,959,63.73,50.08,76.85
384,2015-16,JHARKHAND,SARAIKELA-KHARSAWAN,1063458,25.28,958,68.85,56.19,81.01
385,2015-16,JHARKHAND,SIMDEGA,599813,16.62,1000,67.59,59.38,75.84
386,2015-16,JHARKHAND,LATEHAR,725673,29.38,964,61.23,50.26,71.8
387,2015-16,JHARKHAND,KHUNTI,530299,21.96,994,64.51,53.71,75.33
388,2015-16,JHARKHAND,RAMGARH,949159,13.06,921,73.92,63.49,83.51
389,2015-16,ODISHA,BARGARH,0,0,0,0,65.84,84.28
390,2015-16,ODISHA,JHARSUGUDA,0,0,0,0,70.05,86.27
391,2015-16,ODISHA,SAMBALPUR,0,0,0,0,68.47,85.17
392,2015-16,ODISHA,DEOGARH,312164,13.88,976,73.07,63.36,82.62
393,2015-16,ODISHA,SUNDERGARH,2080664,13.66,971,74.13,65.93,82.13
394,2015-16,ODISHA,KEONJHAR,1802777,15.42,987,69,58.7,79.22
395,2015-16,ODISHA,MAYURBHANJ,2513895,13.06,1005,63.98,53.18,74.92
396,2015-16,ODISHA,BALASORE,2317419,14.47,957,80.66,72.95,88.06
397,2015-16,ODISHA,BHADRAK,439917,17.82,991,72.51,60.44,89.92
398,2015-16,ODISHA,KENDRAPARA,1439891,10.59,1006,85.93,79.51,92.45
399,2015-16,ODISHA,JAGATSINGHPUR,1136604,7.47,967,87.13,80.88,93.2
400,2015-16,ODISHA,CUTTACK,2618708,11.86,955,84.2,77.64,90.51
401,2015-16,ODISHA,JAJPUR,1826275,12.43,972,80.44,73.37,87.36
402,2015-16,ODISHA,DHENKANAL,1192948,11.82,947,79.41,71.4,87.08
403,2015-16,ODISHA,ANGUL,1271703,11.55,942,78.96,70.44,87.06
404,2015-16,ODISHA,NAYAGARH,962215,11.3,916,79.17,71.08,86.63
405,2015-16,ODISHA,KHORDHA,2246341,19.65,925,87.51,82.06,92.55
406,2015-16,ODISHA,PURI,1697983,13,963,85.37,78.67,91.84
407,2015-16,ODISHA,GANJAM,3520151,11.37,981,71.88,61.84,81.85
408,2015-16,ODISHA,GAJAPATI,575880,10.99,1042,54.29,43.59,65.58
409,2015-16,ODISHA,KANDHAMAL,731952,12.92,1037,65.12,52.46,78.41
410,2015-16,ODISHA,BOUDH,1506522,12.95,981,83.25,76.49,84.49
411,2015-16,ODISHA,SONEPUR,652107,20.35,959,74.42,63.63,84.78
412,2015-16,ODISHA,BOLANGIR,1648574,23.29,983,65.5,53.77,77.08
413,2015-16,ODISHA,NUAPADA,606490,14.28,1020,58.2,45.21,71.55
414,2015-16,ODISHA,KALAHANDI,1573054,17.79,1003,60.22,47.27,73.34
415,2015-16,ODISHA,RAYAGADA,961959,15.74,1048,50.88,39.87,62.61
416,2015-16,ODISHA,NABARANGPUR,1218762,18.81,1018,48.2,37.22,59.45
417,2015-16,ODISHA,KORAPUT,1376934,16.63,1031,49.87,38.92,61.29
418,2015-16,ODISHA,MALKANGIRI,612727,21.53,1016,49.49,38.95,60.29
419,2015-16,CHHATTISGARH,KORIYA,659039,12.4,971,71.41,61.01,81.52
420,2015-16,CHHATTISGARH,SURGUJA,2361329,19.74,976,61.16,50.88,71.23
421,2015-16,CHHATTISGARH,JASHPUR,852043,14.65,1004,68.6,59.05,78.24
422,2015-16,CHHATTISGARH,RAIGARH (CHHATTISGARH),1493627,18.02,993,73.7,63.25,84.17
423,2015-16,CHHATTISGARH,KORBA,1206563,19.25,971,73.22,62.26,83.88
424,2015-16,CHHATTISGARH,JANJGIR - CHAMPA,1620632,23.01,986,73.7,61.72,85.59
425,2015-16,CHHATTISGARH,BILASPUR (CHHATTISGARH),2662077,33.21,972,71.59,60.12,82.77
426,2015-16,CHHATTISGARH,KAWARDHA,822239,40.66,997,61.95,48.94,74.99
427,2015-16,CHHATTISGARH,RAJNANDGAON,1537520,19.82,1017,76.97,66.98,87.19
428,2015-16,CHHATTISGARH,DURG,3343079,18.95,988,79.69,70.51,88.8
429,2015-16,CHHATTISGARH,RAIPUR,4062160,34.65,983,76.43,66.21,86.5
430,2015-16,CHHATTISGARH,MAHASAMUND,1032275,20,1018,71.54,60.37,83.01
431,2015-16,CHHATTISGARH,DHAMTARI,799199,13.11,1012,78.95,69.24,88.84
432,2015-16,CHHATTISGARH,KANKER,748593,15,1007,70.97,61.08,80.98
433,2015-16,CHHATTISGARH,BASTER,1411644,17.83,1024,54.94,44.49,65.7
434,2015-16,CHHATTISGARH,DANTEWADA,532791,11.9,1022,42.67,32.88,52.69
435,2015-16,CHHATTISGARH,KONDAGAON,0,0,0,0,0,0
436,2015-16,CHHATTISGARH,NARAYANPUR,0,0,0,0,0,58.97
437,2015-16,CHHATTISGARH,MUNGELI,0,0,0,0,0,0
438,2015-16,CHHATTISGARH,BIJAPUR,0,0,0,0,0,51.42
439,2015-16,CHHATTISGARH,SUKMA,0,0,0,0,0,0
440,2015-16,CHHATTISGARH,BALOD,0,0,0,0,0,0
441,2015-16,CHHATTISGARH,BEMETARA,0,0,0,0,0,0
442,2015-16,CHHATTISGARH,BALODABAZAR,0,0,0,0,0,0
443,2015-16,CHHATTISGARH,GARIABAND,0,0,0,0,0,0
444,2015-16,CHHATTISGARH,BALRAMPUR,0,0,0,0,0,0
445,2015-16,CHHATTISGARH,SURAJPUR,0,0,0,0,0,0
446,2015-16,MADHYA PRADESH,SHEOPUR,687952,22.96,902,58.02,44.45,70.3
447,2015-16,MADHYA PRADESH,MORENA,1965137,23.38,839,72.07,57.64,84.2
448,2015-16,MADHYA PRADESH,BHIND,1703562,19.25,838,76.59,63.96,87.2
449,2015-16,MADHYA PRADESH,GWALIOR,2030543,24.41,862,77.93,68.29,86.3
450,2015-16,MADHYA PRADESH,DATIA,786375,18.4,875,73.5,60.21,85.2
451,2015-16,MADHYA PRADESH,SHIVPURI,1725818,22.74,877,63.73,49.47,76.2
452,2015-16,MADHYA PRADESH,GUNA,1240938,26.91,910,65.1,52.53,76.6
453,2015-16,MADHYA PRADESH,TIKAMGARH,1444920,20.11,901,62.57,50.71,73.3
454,2015-16,MADHYA PRADESH,CHHATARPUR,1762857,19.54,884,64.9,54.34,74.2
455,2015-16,MADHYA PRADESH,PANNA,1016028,18.62,907,66.08,55.55,75.6
456,2015-16,MADHYA PRADESH,SAGAR,2378295,17.62,896,77.52,67.71,86.3
457,2015-16,MADHYA PRADESH,DAMOH,1263703,16.58,913,70.92,59.9,81
458,2015-16,MADHYA PRADESH,SATNA,2228619,19.17,927,73.79,63.42,83.4
459,2015-16,MADHYA PRADESH,REWA,2363744,19.79,930,73.42,62.49,83.7
460,2015-16,MADHYA PRADESH,UMARIA,643579,24.73,953,67.34,56.06,78.1
461,2015-16,MADHYA PRADESH,SHAHDOL,1064989,17.27,968,68.36,58.16,78.3
462,2015-16,MADHYA PRADESH,SIDHI,1126515,23.66,952,66.09,55.23,76.5
463,2015-16,MADHYA PRADESH,NEEMUCH,825958,13.76,959,71.81,57.25,85.9
464,2015-16,MADHYA PRADESH,MANDSAUR,1339832,13.19,966,72.75,58.3,86.8
465,2015-16,MADHYA PRADESH,RATLAM,1454483,19.67,973,68.03,56.45,79.4
466,2015-16,MADHYA PRADESH,UJJAIN,1986597,16.11,954,73.55,61.4,85.2
467,2015-16,MADHYA PRADESH,SHAJAPUR,1512353,17.17,939,70.17,56.36,83.2
468,2015-16,MADHYA PRADESH,DEWAS,1563107,19.48,941,70.53,58.27,82.1
469,2015-16,MADHYA PRADESH,JHABUA,1024091,30.58,989,44.45,34.29,54.7
470,2015-16,MADHYA PRADESH,DHAR,2184672,25.53,961,60.57,49.69,71.1
471,2015-16,MADHYA PRADESH,INDORE,3272335,32.71,924,82.32,74.89,89.2
472,2015-16,MADHYA PRADESH,KHARGONE,1872413,22.81,963,63.98,53.68,74
473,2015-16,MADHYA PRADESH,BARWANI,1385659,27.55,981,50.23,43.07,57.3
474,2015-16,MADHYA PRADESH,KHANDWA,1309443,21.44,944,67.53,56.54,77.9
475,2015-16,MADHYA PRADESH,RAJGARH,1546541,23.32,955,62.68,49.79,75.1
476,2015-16,MADHYA PRADESH,VIDISHA,1458212,20.03,897,72.08,61.67,81.4
477,2015-16,MADHYA PRADESH,BHOPAL,2368145,28.46,911,82.26,76.57,87.4
478,2015-16,MADHYA PRADESH,SEHORE,1311008,21.51,918,71.11,58.86,82.4
479,2015-16,MADHYA PRADESH,RAISEN,1331699,18.36,899,74.26,65.09,82.5
480,2015-16,MADHYA PRADESH,BETUL,1575247,12.91,970,70.14,61.63,78.4
481,2015-16,MADHYA PRADESH,HARDA,570302,20.21,932,74.04,64.3,83.1
482,2015-16,MADHYA PRADESH,HOSHANGABAD,1240975,14.45,912,76.52,67.04,85.2
483,2015-16,MADHYA PRADESH,KATNI,1291684,21.38,948,73.62,62.47,84.2
484,2015-16,MADHYA PRADESH,JABALPUR,2460714,14.39,925,82.47,75.3,89.1
485,2015-16,MADHYA PRADESH,NARSIMHAPUR,1092141,14.04,917,76.79,67.64,85.2
486,2015-16,MADHYA PRADESH,DINDORI,704218,21.26,1004,65.47,53.49,77.6
487,2015-16,MADHYA PRADESH,MANDLA,1053522,17.81,1005,68.28,57.2,79.5
488,2015-16,MADHYA PRADESH,CHHINDWARA,2090306,13.03,966,72.21,63.38,80.8
489,2015-16,MADHYA PRADESH,SEONI,1378876,18.2,984,73.01,64.14,81.8
490,2015-16,MADHYA PRADESH,BALAGHAT,1701156,13.56,1021,78.29,69.71,87.1
491,2015-16,MADHYA PRADESH,ASHOKNAGAR,844979,22.65,900,67.9,54.18,80.2
492,2015-16,MADHYA PRADESH,ANUPPUR,749521,12.35,975,69.08,57.89,80.1
493,2015-16,MADHYA PRADESH,BURHANPUR,756993,19.23,951,65.28,57.12,73.1
494,2015-16,MADHYA PRADESH,ALIRAJPUR,728677,19.4,1009,37.22,30.97,43.6
495,2015-16,MADHYA PRADESH,SINGRAULI,1178132,28.03,916,62.36,49.86,73.8
496,2015-16,MADHYA PRADESH,AGAR MALWA,0,0,0,0,0,0
497,2015-16,GUJARAT,KACHCHH,2090313,32.03,907,71.58,61.62,80.6
498,2015-16,GUJARAT,BANAS KANTHA,3116045,24.43,936,66.39,52.58,79.45
499,2015-16,GUJARAT,PATAN,1342746,13.53,935,73.47,62.01,84.28
500,2015-16,GUJARAT,MAHESANA,2027727,9.91,925,84.26,76.12,91.88
501,2015-16,GUJARAT,SABAR KANTHA,2427346,16.56,950,76.6,65.29,87.45
502,2015-16,GUJARAT,GANDHINAGAR,1387478,12.15,920,85.78,77.37,93.59
503,2015-16,GUJARAT,AHMEDABAD,7208200,22.31,903,86.65,80.29,92.44
504,2015-16,GUJARAT,SURENDRANAGAR,1755873,15.89,929,73.19,62.2,83.47
505,2015-16,GUJARAT,RAJKOT,3799770,19.87,924,82.2,75.26,88.67
506,2015-16,GUJARAT,JAMNAGAR,2159130,13.38,938,74.4,65.97,82.35
507,2015-16,GUJARAT,PORBANDAR,586062,9.17,947,76.63,68.32,84.56
508,2015-16,GUJARAT,JUNAGADH,2742291,12.01,952,76.88,67.59,85.8
509,2015-16,GUJARAT,AMRELI,1513614,8.59,964,74.49,66.97,81.82
510,2015-16,GUJARAT,BHAVNAGAR,2877961,16.53,931,76.84,66.92,86.15
511,2015-16,GUJARAT,ANAND,2090276,12.57,921,85.79,77.76,93.23
512,2015-16,GUJARAT,KHEDA,2298934,12.81,937,84.31,74.67,93.4
513,2015-16,GUJARAT,PANCH MAHALS,2388267,17.92,945,72.32,59.95,84.07
514,2015-16,GUJARAT,DOHAD,2126558,29.95,986,60.6,49.02,72.14
515,2015-16,GUJARAT,VADODARA,4157568,14.16,934,81.21,74.4,87.59
516,2015-16,GUJARAT,NARMADA,590379,14.77,960,73.29,63.62,82.6
517,2015-16,GUJARAT,BHARUCH,1550822,13.14,924,83.03,76.79,88.8
518,2015-16,GUJARAT,SURAT,6079231,42.19,788,86.65,81.02,91.05
519,2015-16,GUJARAT,THE DANGS,226769,21.44,1007,76.8,68.75,84.98
520,2015-16,GUJARAT,NAVSARI,1330711,8.24,961,84.78,79.3,90.06
521,2015-16,GUJARAT,VALSAD,1703068,20.74,926,80.94,74.96,86.48
522,2015-16,GUJARAT,TAPI,806489,12.07,1004,69.23,61.69,76.86
523,2015-16,GUJARAT,ARAVALLI,0,0,0,0,0,0
524,2015-16,GUJARAT,BOTAD,0,0,0,0,0,0
525,2015-16,GUJARAT,DEVBHOOMI DWARKA,0,0,0,0,0,0
526,2015-16,GUJARAT,GIR SOMNATH,0,0,0,0,0,0
527,2015-16,GUJARAT,MAHISAGAR,0,0,0,0,0,0
528,2015-16,GUJARAT,CHHOTAUDEPUR,0,0,0,0,0,0
529,2015-16,GUJARAT,MORBI,0,0,0,0,0,0
530,2015-16,DAMAN AND DIU,DIU,52056,17.73,1030,83.36,75.83,91.24
531,2015-16,DAMAN AND DIU,DAMAN,190855,67.43,533,88.06,81.14,91.53
532,2015-16,DADRA AND NAGAR HAVELI,DADRA AND NAGAR HAVELI(UT),342853,55.5,775,77.65,65.93,86.46
533,2015-16,MAHARASHTRA,NANDURBAR,1646177,25.5,972,63.04,53.9,71.98
534,2015-16,MAHARASHTRA,DHULE,2048781,19.96,941,74.61,66.21,82.59
535,2015-16,MAHARASHTRA,JALGAON,4224442,14.71,922,79.73,70.92,87.97
536,2015-16,MAHARASHTRA,BULDANA,2588039,15.93,928,82.09,72.95,90.69
537,2015-16,MAHARASHTRA,AKOLA,1818617,11.6,942,87.55,81.91,92.89
538,2015-16,MAHARASHTRA,WASHIM,1196714,17.23,926,81.7,72.26,90.54
539,2015-16,MAHARASHTRA,AMRAVATI,2887826,10.77,947,88.23,83.52,92.7
540,2015-16,MAHARASHTRA,WARDHA,1296157,4.8,946,87.22,81.89,92.27
541,2015-16,MAHARASHTRA,NAGPUR,4653171,14.39,948,89.52,85.07,93.76
542,2015-16,MAHARASHTRA,BHANDARA,1198810,5.52,984,85.14,77.02,93.17
543,2015-16,MAHARASHTRA,GONDIYA,1322331,10.13,996,85.41,77.3,93.54
544,2015-16,MAHARASHTRA,GADCHIROLI,1071795,10.46,975,70.55,60.66,80.21
545,2015-16,MAHARASHTRA,CHANDRAPUR,2194262,5.95,959,81.35,73.65,88.73
546,2015-16,MAHARASHTRA,YAVATMAL,2775457,12.9,947,80.7,72.41,88.58
547,2015-16,MAHARASHTRA,NANDED,3356566,16.7,937,76.94,66.68,86.62
548,2015-16,MAHARASHTRA,HINGOLI,1178973,19.43,935,76.04,64.73,86.73
549,2015-16,MAHARASHTRA,PARBHANI,1835982,20.18,940,75.22,64.27,85.66
550,2015-16,MAHARASHTRA,JALNA,1958483,21.84,929,73.61,61.28,85.25
551,2015-16,MAHARASHTRA,AURANGABAD (MAHARASHTRA),3695928,27.33,917,80.4,70.81,89.31
552,2015-16,MAHARASHTRA,NASHIK,6109052,22.33,931,80.96,73.43,88.03
553,2015-16,MAHARASHTRA,THANE,11054131,35.94,880,86.18,80.78,90.9
554,2015-16,MAHARASHTRA,MUMBAI (SUBURBAN),9332481,8.01,857,90.9,86.93,90.54
555,2015-16,MAHARASHTRA,MUMBAI II,3145966,-5.75,838,88.48,86.03,94.28
556,2015-16,MAHARASHTRA,RAIGARH (MAHARASHTRA),2635394,19.36,955,83.89,76.79,90.68
557,2015-16,MAHARASHTRA,PUNE,9426959,30.34,910,87.19,81.13,92.72
558,2015-16,MAHARASHTRA,AHMADNAGAR,4543083,12.43,934,80.22,71.15,88.81
559,2015-16,MAHARASHTRA,BID,2585962,19.65,912,73.53,62.29,83.99
560,2015-16,MAHARASHTRA,LATUR,2455543,18.04,924,79.03,70.02,87.42
561,2015-16,MAHARASHTRA,OSMANABAD,1660311,11.69,920,76.33,66.67,85.31
562,2015-16,MAHARASHTRA,SOLAPUR,4315527,12.1,932,77.72,68.55,86.35
563,2015-16,MAHARASHTRA,SATARA,3003922,6.94,986,84.2,76.29,92.09
564,2015-16,MAHARASHTRA,RATNAGIRI,1612672,-4.96,1123,82.43,74.55,91.43
565,2015-16,MAHARASHTRA,SINDHUDURG,848868,-2.3,1037,86.54,79.73,93.68
566,2015-16,MAHARASHTRA,KOLHAPUR,3874015,9.96,953,82.9,74.18,91.33
567,2015-16,MAHARASHTRA,SANGLI,2820575,9.18,964,82.62,74.66,90.4
568,2015-16,MAHARASHTRA,PALGHAR,0,0,0,0,0,0
569,2015-16,ANDHRA PRADESH,SRIKAKULAM,2699471,6.38,1014,62.3,52.56,72.25
570,2015-16,ANDHRA PRADESH,VIZIANAGARAM,2342868,4.16,1016,59.49,50.16,69.04
571,2015-16,ANDHRA PRADESH,VISAKHAPATNAM,4288113,11.89,1003,67.7,60,75.48
572,2015-16,ANDHRA PRADESH,EAST GODAVARI,5151549,5.1,1005,71.35,67.82,74.91
573,2015-16,ANDHRA PRADESH,WEST GODAVARI,3934782,3.45,1004,74.32,71.05,77.63
574,2015-16,ANDHRA PRADESH,KRISHNA,4529009,8.15,997,74.37,69.62,79.13
575,2015-16,ANDHRA PRADESH,GUNTUR,4889230,9.5,1003,67.99,60.64,75.4
576,2015-16,ANDHRA PRADESH,PRAKASAM,3392764,10.9,981,63.53,53.4,73.54
577,2015-16,ANDHRA PRADESH,NELLORE,2966082,11.15,986,69.15,62.3,75.93
578,2015-16,ANDHRA PRADESH,Kadapa,2884524,10.87,984,67.88,57.26,78.41
579,2015-16,ANDHRA PRADESH,KURNOOL,4046601,14.65,984,61.13,50.81,71.36
580,2015-16,ANDHRA PRADESH,ANANTAPUR,4083315,12.16,977,64.28,54.31,74.09
581,2015-16,ANDHRA PRADESH,CHITTOOR,4170468,11.33,1002,72.36,63.65,81.15
582,2015-16,KARNATAKA,BELGAUM,4778439,13.38,969,73.94,64.74,82.9
583,2015-16,KARNATAKA,BAGALKOT,1890826,14.46,984,69.39,58.55,80.16
584,2015-16,KARNATAKA,BIJAPUR (KARNATAKA),2175102,20.38,954,67.2,56.54,77.41
585,2015-16,KARNATAKA,GULBARGA,2564892,17.94,962,65.65,55.87,0
586,2015-16,KARNATAKA,BIDAR,1700018,13.16,952,71.01,61.66,79.94
587,2015-16,KARNATAKA,RAICHUR,1924773,15.27,992,60.46,49.56,71.35
588,2015-16,KARNATAKA,KOPPAL,1391292,16.32,983,67.28,56.22,78.21
589,2015-16,KARNATAKA,GADAG,1065235,9.61,978,75.18,65.29,84.89
590,2015-16,KARNATAKA,DHARWAD,1846993,15.13,967,80.3,73.57,86.83
591,2015-16,KARNATAKA,UTTARA KANNADA,1436847,6.15,975,84.03,78.21,89.72
592,2015-16,KARNATAKA,HAVERI,1598506,11.08,951,77.6,70.65,84.22
593,2015-16,KARNATAKA,BELLARY,2532383,24.92,978,67.85,58.28,77.24
594,2015-16,KARNATAKA,CHITRADURGA,1660378,9.39,969,73.82,66.05,81.37
595,2015-16,KARNATAKA,DAVANAGERE,1946905,8.71,967,76.3,69.39,83.02
596,2015-16,KARNATAKA,SHIMOGA,1755512,6.88,995,80.5,74.89,86.11
597,2015-16,KARNATAKA,UDUPI,1177908,5.9,1093,86.29,81.41,91.69
598,2015-16,KARNATAKA,CHIKKAMANGALORE,1137753,-0.28,1005,79.24,72.88,85.66
599,2015-16,KARNATAKA,TUMKUR,2681449,3.74,979,74.32,66.45,82.05
600,2015-16,KARNATAKA,KOLAR,1540231,11.04,976,74.33,66.56,81.94
601,2015-16,KARNATAKA,BANGALORE U SOUTH,0,0,0,0,0,91.82
602,2015-16,KARNATAKA,BANGALORE RURAL,987257,16.02,945,78.29,70.73,85.44
603,2015-16,KARNATAKA,MANDYA,1808680,2.55,989,70.14,62.1,78.14
604,2015-16,KARNATAKA,HASSAN,1776221,3.17,1005,75.89,68.3,83.55
605,2015-16,KARNATAKA,DAKSHINA KANNADA,2083625,9.8,1018,88.62,84.04,93.31
606,2015-16,KARNATAKA,KODAGU,554762,1.13,1019,82.52,77.91,87.24
607,2015-16,KARNATAKA,MYSORE,2994744,13.39,982,72.56,66.59,78.44
608,2015-16,KARNATAKA,CHAMARAJANAGARA,1020962,5.75,989,61.12,54.32,67.88
609,2015-16,KARNATAKA,BANGALORE U NORTH,9588910,46.68,908,88.48,84.8,0
610,2015-16,KARNATAKA,CHIKKABALLAPURA,1254377,9.17,968,70.08,61.55,78.36
611,2015-16,KARNATAKA,BELGAUM CHIKKODI,0,0,0,0,0,0
612,2015-16,KARNATAKA,TUMKUR MADHUGIRI,0,0,0,0,0,0
613,2015-16,KARNATAKA,RAMANAGARA,1082739,5.06,976,69.2,61.3,76.92
614,2015-16,KARNATAKA,YADAGIRI,1172985,22.67,984,52.36,41.31,63.33
615,2015-16,KARNATAKA,UTTARA KANNADA SIRSI,0,0,0,0,0,89.72
616,2015-16,GOA,NORTH GOA,817761,7.8,959,88.85,83.74,93.77
617,2015-16,GOA,SOUTH GOA,639962,8.63,980,85.53,79.42,91.56
618,2015-16,LAKSHADWEEP,LAKSHADWEEP,64429,6.23,946,92.28,88.25,96.11
619,2015-16,KERALA,KASARAGOD,1302600,8.18,1079,89.85,86.13,93.93
620,2015-16,KERALA,KANNUR,2525637,4.84,1133,95.41,93.57,97.54
621,2015-16,KERALA,WAYANAD,816558,4.6,1035,89.32,85.94,92.84
622,2015-16,KERALA,KOZHIKODE,3089543,7.31,1097,95.24,93.16,97.57
623,2015-16,KERALA,MALAPPURAM,4110956,13.39,1096,93.55,91.55,95.78
624,2015-16,KERALA,PALAKKAD,2810892,7.39,1067,88.49,84.99,92.27
625,2015-16,KERALA,THRISSUR,3110327,4.58,1109,95.32,93.85,96.98
626,2015-16,KERALA,ERNAKULAM,3279860,5.6,1028,95.68,94.27,97.14
627,2015-16,KERALA,IDUKKI,1107453,-1.93,1006,92.2,89.59,94.84
628,2015-16,KERALA,KOTTAYAM,1979384,1.32,1040,96.4,95.67,97.17
629,2015-16,KERALA,ALAPPUZHA,2121943,0.61,1100,96.26,94.8,97.9
630,2015-16,KERALA,PATHANAMTHITTA,1195537,-3.12,1129,96.93,96.26,97.7
631,2015-16,KERALA,KOLLAM,2629703,1.72,1113,93.77,91.95,95.83
632,2015-16,KERALA,THIRUVANANTHAPURAM,3307284,2.25,1088,92.66,90.89,94.6
633,2015-16,TAMIL NADU,THIRUVALLUR,3725697,35.25,983,83.82,78.39,89.18
634,2015-16,TAMIL NADU,CHENNAI,4681087,7.77,986,90.33,87.16,93.47
635,2015-16,TAMIL NADU,KANCHEEPURAM,3990897,38.69,985,85.29,80.17,90.34
636,2015-16,TAMIL NADU,VELLORE,3928106,12.96,1004,79.65,72.43,86.96
637,2015-16,TAMIL NADU,DHARMAPURI,1502900,16.04,946,64.71,60.03,69.16
638,2015-16,TAMIL NADU,TIRUVANNAMALAI,2468965,12.94,993,74.72,65.71,83.73
639,2015-16,TAMIL NADU,VILUPPURAM,3463284,16.99,985,72.08,63.51,80.58
640,2015-16,TAMIL NADU,SALEM,3480008,15.37,954,73.23,65.43,80.7
641,2015-16,TAMIL NADU,NAMAKKAL,1721179,15.25,986,74.92,66.68,83.09
642,2015-16,TAMIL NADU,ERODE,2259608,12.05,992,72.96,65.07,80.81
643,2015-16,TAMIL NADU,THE NILGIRIS,735071,-3.55,1041,85.65,79.44,92.15
644,2015-16,TAMIL NADU,COIMBATORE,3472578,18.46,1001,84.31,79.16,89.49
645,2015-16,TAMIL NADU,DINDIGUL,2161367,12.39,998,76.85,68.82,84.91
646,2015-16,TAMIL NADU,KARUR,1076588,15.06,1015,75.86,67.05,84.86
647,2015-16,TAMIL NADU,TIRUCHIRAPPALLI,2713858,12.22,1013,83.56,77.24,90
648,2015-16,TAMIL NADU,PERAMBALUR,564511,14.36,1006,74.68,66.11,83.39
649,2015-16,TAMIL NADU,CUDDALORE,2600880,13.8,984,79.04,71.2,86.84
650,2015-16,TAMIL NADU,NAGAPATTINAM,1614069,8.41,1025,84.09,78,90.38
651,2015-16,TAMIL NADU,THIRUVARUR,1268094,8.43,1020,83.26,77.02,89.65
652,2015-16,TAMIL NADU,THANJAVUR,2402781,8.42,1031,82.72,76.61,89.06
653,2015-16,TAMIL NADU,PUDUKKOTTAI,1618725,10.9,1015,77.76,69.51,86.19
654,2015-16,TAMIL NADU,SIVAGANGA,1341250,16.09,1000,80.46,72.33,88.61
655,2015-16,TAMIL NADU,MADURAI,3041038,17.95,990,81.66,76.74,86.55
656,2015-16,TAMIL NADU,THENI,1243684,13.69,990,77.62,69.72,85.48
657,2015-16,TAMIL NADU,VIRUDHUNAGAR,1943309,10.96,1009,80.75,73.14,88.46
658,2015-16,TAMIL NADU,RAMANATHAPURAM,1337560,12.63,977,81.48,74.93,87.89
659,2015-16,TAMIL NADU,THOOTHUKKUDI,1738376,9.14,1024,86.52,81.77,91.42
660,2015-16,TAMIL NADU,TIRUNELVELI,3072880,13.66,1024,82.92,76.38,89.66
661,2015-16,TAMIL NADU,KANNIYAKUMARI,1863174,11.17,1010,92.14,90.45,93.86
662,2015-16,TAMIL NADU,KRISHANAGIRI,1883731,20.67,956,72.41,64.86,79.65
663,2015-16,PONDICHERRY,YANAM,55616,77.15,1039,80.26,77.07,83.63
664,2015-16,PONDICHERRY,PONDICHERRY,946600,28.73,1031,86.13,80.4,92.07
665,2015-16,PONDICHERRY,MAHE,41934,13.86,1176,98.35,97.61,99.24
666,2015-16,PONDICHERRY,KARAIKAL,200314,17.29,1048,87.83,82.61,93.36
667,2015-16,ANDAMAN AND NICOBAR ISLANDS,ANDAMANS,237586,13.97,874,88.49,84.52,91.91
668,2015-16,ANDAMAN AND NICOBAR ISLANDS,NICOBARS,36819,-12.48,778,77.5,70.7,82.65
669,2015-16,ANDAMAN AND NICOBAR ISLANDS,MIDDLE AND NORTH ANDAMANS,105539,-0.07,925,84.25,79.39,88.72
670,2015-16,TELANGANA,ADILABAD,2737738,10.04,1003,61.55,51.99,71.22
671,2015-16,TELANGANA,NIZAMABAD,2552073,8.8,1038,62.25,52.33,72.66
672,2015-16,TELANGANA,KARIMNAGAR,3811738,9.16,1009,64.87,55.18,74.72
673,2015-16,TELANGANA,MEDAK,3031877,13.55,989,62.53,52.49,72.5
674,2015-16,TELANGANA,HYDERABAD,4010238,4.71,943,80.96,78.42,83.35
675,2015-16,TELANGANA,RANGA REDDY,5296396,48.15,955,78.05,71.82,84
676,2015-16,TELANGANA,MAHBUBNAGAR,4042191,15.03,975,56.06,45.65,66.27
677,2015-16,TELANGANA,NALGONDA,3483648,7.26,982,65.05,55.05,74.94
678,2015-16,TELANGANA,WARANGAL,3522644,8.52,994,66.16,56.45,75.91
679,2015-16,TELANGANA,KHAMMAM,2798214,8.5,1010,65.46,57.85,73.2
